ORIGIN,DESTINATION,TOTAL SEATS
Canada,Turkey,3519
Canada,Brazil,2296
Canada,Qatar,1444
Canada,Italy,2800
Canada,Peru,988
Canada,Panama,2355
Canada,Costa Rica,2493
Canada,France,18620
Canada,Bahamas,3301
Canada,Ethiopia,1605
Canada,Bermuda,897
Canada,Aruba,627
Canada,Ireland,2663
Canada,Argentina,1148
Canada,Curacao,296
Canada,Israel,2947
Canada,Australia,5843
Canada,Algeria,1300
Canada,Cuba,23179
Canada,El Salvador,1110
Canada,Iceland,5410
Canada,Jordan,556
Canada,Grenada and South Grenadines,136
Canada,Sint Maarten,598
Canada,Trinidad and Tobago,2019
Canada,Germany,17803
Canada,Chile,1722
Canada,Martinique,272
Canada,Belgium,2570
Canada,China,35129
Canada,Dominican Republic,13048
Canada,Belize,619
Canada,Hong Kong,17736
Canada,Poland,1512
Canada,Spain,1684
Canada,Saint Lucia,707
Canada,Ukraine,783
Canada,Netherlands,12514
Canada,Pakistan,1428
Canada,Denmark,906
Canada,Philippines,6168
Canada,Cayman Islands,472
Canada,United States,338600
Canada,Morocco,3400
Canada,Guyana,225
Canada,Switzerland,4134
Canada,New Zealand,1560
Canada,Guadeloupe,272
Canada,Taiwan,9770
Canada,Jamaica,9308
Canada,Portugal,4765
Canada,Mexico,58200
Canada,Egypt,1092
Canada,United Arab Emirates,3997
Canada,Haiti,1114
Canada,India,4944
Canada,United Kingdom,36258
Canada,Austria,880
Canada,Antigua and Barbuda,774
Canada,Colombia,1235
Canada,Japan,10434
Canada,South Korea,6923
Canada,Turks and Caicos Islands,1267
Canada,Barbados,2755
Turkey,Canada,3519
Turkey,Turkmenistan,3736
Turkey,Lithuania,1264
Turkey,Ethiopia,1264
Turkey,Cameroon,1280
Turkey,Burkina Faso,640
Turkey,Bahrain,2416
Turkey,Saudi Arabia,30564
Turkey,Slovenia,1727
Turkey,Bosnia and Herzegovina,2379
Turkey,Russian Federation,23274
Turkey,Jordan,6220
Turkey,Spain,12487
Turkey,Netherlands,14890
Turkey,Oman,1280
Turkey,Tanzania,2560
Turkey,Pakistan,6752
Turkey,Albania,2320
Turkey,United Arab Emirates,18421
Turkey,India,6000
Turkey,Azerbaijan,14354
Turkey,Kenya,1992
Turkey,South Korea,6152
Turkey,Tajikistan,1062
Turkey,Afghanistan,5119
Turkey,Czech Republic,4160
Turkey,Eritrea,474
Turkey,France,18916
Turkey,Rwanda,1280
Turkey,Slovakia,660
Turkey,Norway,3069
Turkey,Benin,800
Turkey,Singapore,4400
Turkey,Montenegro,1082
Turkey,China,14736
Turkey,Armenia,825
Turkey,Ukraine,19838
Turkey,Ghana,1280
Turkey,Finland,3093
Turkey,Libya,3288
Turkey,Indonesia,3000
Turkey,Mauritius,1488
Turkey,Sweden,6955
Turkey,Vietnam,2384
Turkey,Mali,320
Turkey,Bulgaria,4110
Turkey,United States,24544
Turkey,Romania,8584
Turkey,Portugal,3574
Turkey,South Africa,4768
Turkey,Malaysia,2384
Turkey,Austria,11292
Turkey,Japan,2384
Turkey,Niger,640
Turkey,Brazil,3000
Turkey,Kuwait,8993
Turkey,Luxembourg,952
Turkey,Ireland,2303
Turkey,Nigeria,3464
Turkey,Bangladesh,2384
Turkey,Belarus,948
Turkey,Iran,35055
Turkey,Algeria,10700
Turkey,Belgium,8454
Turkey,Thailand,6576
Turkey,Iraq,22228
Turkey,Hong Kong,2250
Turkey,Georgia,7818
Turkey,Denmark,5938
Turkey,Philippines,3000
Turkey,Moldova,3416
Turkey,Morocco,5432
Turkey,Croatia,2542
Turkey,Switzerland,17163
Turkey,Seychelles,992
Turkey,Estonia,1264
Turkey,Lebanon,11961
Turkey,Uzbekistan,4474
Turkey,Tunisia,2928
Turkey,Djibouti,1352
Turkey,Colombia,992
Turkey,Taiwan,1875
Turkey,Cyprus,14504
Turkey,Qatar,10048
Turkey,Italy,24152
Turkey,Sudan,1464
Turkey,Nepal,1788
Turkey,Malta,2528
Turkey,Democratic Republic of the Congo,960
Turkey,Maldives,2384
Turkey,Israel,16398
Turkey,Germany,144061
Turkey,Kazakhstan,8670
Turkey,Poland,1658
Turkey,Mauritania,1280
Turkey,Kyrgyzstan,2072
Turkey,Macedonia,2486
Turkey,Latvia,1264
Turkey,Hungary,3968
Turkey,Egypt,10566
Turkey,Cuba,744
Turkey,Serbia,6164
Turkey,United Kingdom,49534
Turkey,Greece,10221
Peru,Brazil,9848
Peru,Canada,741
Peru,Netherlands,2976
Peru,Chile,23648
Peru,Mexico,12423
Peru,El Salvador,3186
Peru,Panama,9558
Peru,Uruguay,2367
Peru,France,1444
Peru,Cuba,2328
Peru,Costa Rica,2061
Peru,United States,26387
Peru,Haiti,1080
Peru,Ecuador,6895
Peru,Colombia,17492
Peru,Paraguay,2055
Peru,Argentina,15897
Peru,Bolivia,5552
Peru,Venezuela,895
Peru,Dominican Republic,5166
Peru,Spain,8766
Vanuatu,Solomon Islands,650
Vanuatu,New Zealand,756
Vanuatu,Australia,2968
Vanuatu,Fiji,852
Vanuatu,New Caledonia,659
Costa Rica,Canada,2385
Costa Rica,United Kingdom,1199
Costa Rica,Netherlands,882
Costa Rica,Honduras,2504
Costa Rica,Peru,2061
Costa Rica,Mexico,7028
Costa Rica,El Salvador,5736
Costa Rica,Panama,14296
Costa Rica,Cuba,235
Costa Rica,France,1083
Costa Rica,United States,26788
Costa Rica,Guatemala,4625
Costa Rica,Germany,488
Costa Rica,Colombia,3360
Costa Rica,Dominican Republic,514
Costa Rica,Nicaragua,2552
Costa Rica,Spain,2664
Mongolia,Kyrgyzstan,480
Mongolia,China,3084
Mongolia,Russian Federation,1813
Mongolia,Japan,596
Mongolia,South Korea,3590
Mongolia,Hong Kong,745
France,Canada,17517
France,Turkmenistan,144
France,Lithuania,2389
France,Ethiopia,2520
France,Argentina,2400
France,Cameroon,3122
France,Burkina Faso,1040
France,Bahrain,984
France,Saudi Arabia,954
France,Cape Verde,779
France,Slovenia,1228
France,Bosnia and Herzegovina,856
France,Russian Federation,15411
France,Germany,72474
France,Spain,120151
France,Netherlands,41374
France,Oman,2144
France,Costa Rica,1083
France,Gabon,2705
France,Pakistan,714
France,United Arab Emirates,27864
France,India,13633
France,Azerbaijan,122
France,Kenya,2484
France,South Korea,7415
France,Turkey,17779
France,Czech Republic,10616
France,Slovakia,378
France,Peru,1444
France,Norway,6321
France,Benin,1040
France,Singapore,5913
France,Montenegro,1508
France,Togo,416
France,China,24063
France,Armenia,782
France,Dominican Republic,2909
France,Ukraine,3920
France,Ghana,624
France,Finland,6491
France,Central African Republic,600
France,United States,85173
France,Sweden,10291
France,Vietnam,4743
France,Mali,2256
France,Bulgaria,2546
France,Mauritius,5795
France,Romania,14892
France,Angola,1291
France,Portugal,50765
France,South Africa,5503
France,Austria,15218
France,Hungary,8180
France,Sint Maarten,2200
France,Brazil,11303
France,Kuwait,848
France,Panama,2400
France,Madagascar,2300
France,Ireland,17565
France,Nigeria,2912
France,Iran,1600
France,Algeria,44691
France,Chile,2888
France,Thailand,6944
France,Hong Kong,6600
France,Sierra Leone,624
France,Georgia,836
France,Denmark,13704
France,Poland,16454
France,Moldova,1274
France,Morocco,39518
France,Croatia,3902
France,Seychelles,1587
France,Chad,624
France,Estonia,572
France,Lebanon,6792
France,Uzbekistan,374
France,Egypt,5163
France,Djibouti,208
France,Colombia,2256
France,Reunion,5546
France,Taiwan,3700
France,Cyprus,290
France,Qatar,9720
France,Italy,83049
France,Malta,3619
France,Democratic Republic of the Congo,624
France,Maldives,900
France,Ivory Coast (Cote d'Ivoire),3663
France,Venezuela,1248
France,Israel,13141
France,Iceland,5608
France,Jordan,2332
France,Martinique,2313
France,Kazakhstan,664
France,Mauritania,1040
France,Mayotte,1048
France,Macedonia,2996
France,Latvia,2030
France,Japan,13598
France,Guadeloupe,3480
France,Niger,1248
France,Mexico,8451
France,Tunisia,10928
France,Cuba,4688
France,Serbia,4538
France,United Kingdom,138713
France,Congo,2496
France,Greece,17076
Ethiopia,Brazil,2568
Ethiopia,Turkey,1264
Ethiopia,Qatar,1207
Ethiopia,Italy,3510
Ethiopia,Sudan,3368
Ethiopia,Lebanon,3352
Ethiopia,Mali,2052
Ethiopia,Madagascar,1044
Ethiopia,France,2520
Ethiopia,Democratic Republic of the Congo,4603
Ethiopia,Rwanda,2424
Ethiopia,Ireland,1350
Ethiopia,Nigeria,8117
Ethiopia,Ivory Coast (Cote d'Ivoire),1350
Ethiopia,Cameroon,945
Ethiopia,Malawi,1480
Ethiopia,Benin,590
Ethiopia,Ghana,2744
Ethiopia,Saudi Arabia,6024
Ethiopia,Singapore,1350
Ethiopia,Zambia,3183
Ethiopia,Togo,1350
Ethiopia,Zimbabwe,2750
Ethiopia,China,11530
Ethiopia,Kuwait,1480
Ethiopia,Germany,2568
Ethiopia,Hong Kong,1350
Ethiopia,Spain,1080
Ethiopia,Bahrain,1232
Ethiopia,Oman,1480
Ethiopia,Tanzania,6535
Ethiopia,Israel,2960
Ethiopia,Sweden,1350
Ethiopia,Gabon,1890
Ethiopia,South Sudan,1606
Ethiopia,Thailand,2160
Ethiopia,Namibia,1350
Ethiopia,South Korea,1080
Ethiopia,Seychelles,1593
Ethiopia,Angola,1674
Ethiopia,Chad,1279
Ethiopia,South Africa,8776
Ethiopia,Egypt,2590
Ethiopia,United Arab Emirates,10516
Ethiopia,Equatorial Guinea,1575
Ethiopia,India,9232
Ethiopia,United Kingdom,2744
Ethiopia,Austria,2160
Ethiopia,Congo,3015
Ethiopia,Mozambique,1480
Ethiopia,Uganda,5719
Ethiopia,Burundi,740
Ethiopia,Kenya,9788
Ethiopia,Niger,1170
Ethiopia,Comoros,1833
Suriname,Brazil,177
Suriname,Netherlands,3110
Suriname,Curacao,544
Suriname,Trinidad and Tobago,1522
Suriname,French Guiana,592
Suriname,Guyana,444
Suriname,Aruba,592
Laos,Singapore,450
Laos,Cambodia,3248
Laos,Malaysia,1440
Laos,Vietnam,210
Laos,China,8517
Laos,Thailand,13002
Laos,South Korea,4032
Nigeria,Turkey,3464
Nigeria,Qatar,2080
Nigeria,France,2912
Nigeria,Ethiopia,8117
Nigeria,Rwanda,1681
Nigeria,Ivory Coast (Cote d'Ivoire),972
Nigeria,Cameroon,938
Nigeria,Ghana,5398
Nigeria,Gabon,134
Nigeria,Togo,1474
Nigeria,Germany,3066
Nigeria,Sierra Leone,292
Nigeria,Netherlands,2208
Nigeria,United States,2106
Nigeria,Morocco,888
Nigeria,Namibia,448
Nigeria,Chad,268
Nigeria,South Africa,1992
Nigeria,Egypt,3885
Nigeria,United Arab Emirates,9492
Nigeria,Equatorial Guinea,50
Nigeria,Lebanon,488
Nigeria,United Kingdom,7650
Nigeria,Kenya,960
Ivory Coast (Cote d'Ivoire),Turkey,160
Ivory Coast (Cote d'Ivoire),Guinea,2074
Ivory Coast (Cote d'Ivoire),France,3188
Ivory Coast (Cote d'Ivoire),Ethiopia,1080
Ivory Coast (Cote d'Ivoire),Nigeria,1086
Ivory Coast (Cote d'Ivoire),Cameroon,1660
Ivory Coast (Cote d'Ivoire),Burkina Faso,1252
Ivory Coast (Cote d'Ivoire),Benin,1976
Ivory Coast (Cote d'Ivoire),Ghana,4135
Ivory Coast (Cote d'Ivoire),Algeria,302
Ivory Coast (Cote d'Ivoire),Togo,1608
Ivory Coast (Cote d'Ivoire),Belgium,861
Ivory Coast (Cote d'Ivoire),Sierra Leone,342
Ivory Coast (Cote d'Ivoire),Liberia,429
Ivory Coast (Cote d'Ivoire),Morocco,999
Ivory Coast (Cote d'Ivoire),Gabon,1312
Ivory Coast (Cote d'Ivoire),Mali,2613
Ivory Coast (Cote d'Ivoire),Democratic Republic of the Congo,228
Ivory Coast (Cote d'Ivoire),Senegal,2256
Ivory Coast (Cote d'Ivoire),Congo,584
Ivory Coast (Cote d'Ivoire),Kenya,656
Ivory Coast (Cote d'Ivoire),Niger,536
Turkmenistan,Turkey,3736
Turkmenistan,Belarus,288
Turkmenistan,United Arab Emirates,2048
Turkmenistan,India,1891
Turkmenistan,Azerbaijan,896
Turkmenistan,France,144
Turkmenistan,United Kingdom,1701
Turkmenistan,China,873
Turkmenistan,Russian Federation,2061
Turkmenistan,Thailand,543
Turkmenistan,Germany,144
Turkmenistan,Kazakhstan,288
Saudi Arabia,Turkey,28392
Saudi Arabia,Afghanistan,458
Saudi Arabia,Italy,660
Saudi Arabia,Bangladesh,4853
Saudi Arabia,Sudan,8542
Saudi Arabia,Lebanon,8397
Saudi Arabia,Nepal,462
Saudi Arabia,France,954
Saudi Arabia,Ethiopia,6326
Saudi Arabia,Maldives,660
Saudi Arabia,Somalia,146
Saudi Arabia,Bahrain,16231
Saudi Arabia,Singapore,735
Saudi Arabia,Jordan,16146
Saudi Arabia,Germany,4923
Saudi Arabia,Eritrea,820
Saudi Arabia,Netherlands,1656
Saudi Arabia,Oman,16987
Saudi Arabia,Philippines,6579
Saudi Arabia,Indonesia,29691
Saudi Arabia,United States,2238
Saudi Arabia,Morocco,3813
Saudi Arabia,Pakistan,45001
Saudi Arabia,South Africa,522
Saudi Arabia,Egypt,95893
Saudi Arabia,United Arab Emirates,118856
Saudi Arabia,India,37479
Saudi Arabia,United Kingdom,8113
Saudi Arabia,Malaysia,4840
Saudi Arabia,Tunisia,1879
Saudi Arabia,Greece,1168
Saudi Arabia,Sri Lanka,8156
Saudi Arabia,Kenya,618
Australia,Canada,5543
Australia,East Timor,912
Australia,Qatar,16544
Australia,Solomon Islands,1184
Australia,Vanuatu,2968
Australia,Nauru,402
Australia,Cook Islands,312
Australia,Singapore,83220
Australia,Papua New Guinea,5852
Australia,Cocos (Keeling) Islands,146
Australia,China,60120
Australia,Chile,2686
Australia,Thailand,24432
Australia,Hong Kong,40270
Australia,Tonga,525
Australia,Western Samoa,897
Australia,Philippines,8690
Australia,Indonesia,46880
Australia,New Caledonia,2280
Australia,United States,45765
Australia,Vietnam,7990
Australia,New Zealand,106271
Australia,Taiwan,9828
Australia,Mauritius,1100
Australia,South Africa,4178
Australia,Norfolk Island,850
Australia,United Arab Emirates,55152
Australia,India,2048
Australia,Brunei Darussalam,2032
Australia,United Kingdom,1888
Australia,Malaysia,30492
Australia,Christmas Island,198
Australia,Sri Lanka,2176
Australia,Japan,24931
Australia,South Korea,6895
Australia,Fiji,11258
Singapore,Turkey,4120
Singapore,East Timor,300
Singapore,Qatar,7488
Singapore,Italy,2783
Singapore,Bangladesh,8296
Singapore,Nepal,1092
Singapore,Cambodia,8988
Singapore,France,5913
Singapore,Ethiopia,1620
Singapore,Maldives,4598
Singapore,Laos,450
Singapore,Uzbekistan,227
Singapore,Saudi Arabia,735
Singapore,Australia,80673
Singapore,Papua New Guinea,1128
Singapore,China,86184
Singapore,Russian Federation,1518
Singapore,Thailand,81722
Singapore,Germany,14767
Singapore,Hong Kong,43855
Singapore,Poland,1008
Singapore,Spain,506
Singapore,Netherlands,6542
Singapore,Denmark,1375
Singapore,Philippines,47843
Singapore,Indonesia,122808
Singapore,United States,5928
Singapore,Vietnam,34517
Singapore,Finland,2480
Singapore,Switzerland,6168
Singapore,New Zealand,10200
Singapore,South Korea,18253
Singapore,Mauritius,1375
Singapore,Macau,1738
Singapore,Myanmar,8709
Singapore,South Africa,2024
Singapore,United Arab Emirates,18504
Singapore,India,61412
Singapore,Brunei Darussalam,3322
Singapore,United Kingdom,23940
Singapore,Malaysia,98332
Singapore,Greece,735
Singapore,Sri Lanka,9848
Singapore,Japan,40574
Singapore,Taiwan,24799
Singapore,Fiji,819
Saint Kitts and Nevis,United States,2655
Saint Kitts and Nevis,British Virgin Islands,74
Saint Kitts and Nevis,Antigua and Barbuda,1880
Saint Kitts and Nevis,Sint Maarten,606
Saint Kitts and Nevis,Anguilla,18
Saint Kitts and Nevis,Dominica,36
Gabon,Turkey,960
Gabon,Sao Tome and Principe,210
Gabon,Morocco,444
Gabon,Democratic Republic of the Congo,268
Gabon,France,2705
Gabon,Togo,737
Gabon,Congo,1692
Gabon,Rwanda,480
Gabon,Mali,256
Gabon,Nigeria,134
Gabon,Ivory Coast (Cote d'Ivoire),1276
Gabon,Cameroon,1596
Gabon,Benin,1224
Togo,Ghana,1885
Togo,Portugal,542
Togo,Democratic Republic of the Congo,536
Togo,Morocco,444
Togo,France,416
Togo,United States,1350
Togo,Ethiopia,1620
Togo,Gabon,737
Togo,Mali,335
Togo,Nigeria,1474
Togo,Ivory Coast (Cote d'Ivoire),1608
Togo,Cameroon,804
Togo,Burkina Faso,404
Togo,Benin,540
Guatemala,Honduras,1382
Guatemala,Mexico,7726
Guatemala,El Salvador,5648
Guatemala,Panama,4311
Guatemala,Cuba,422
Guatemala,Costa Rica,4625
Guatemala,United States,13850
Guatemala,Colombia,800
Guatemala,Belize,66
Guatemala,Nicaragua,1344
China,Turkey,3364
China,Canada,4646
China,Qatar,4916
China,Italy,522
China,Cambodia,17631
China,France,3076
China,Ethiopia,3882
China,Laos,790
China,Australia,24314
China,Iran,768
China,Singapore,16364
China,Germany,714
China,Russian Federation,5380
China,Thailand,57430
China,Iraq,288
China,Mauritius,550
China,Netherlands,1666
China,Oman,1040
China,Philippines,6400
China,Indonesia,11410
China,United States,11862
China,Vietnam,15029
China,Finland,562
China,Kenya,476
China,New Zealand,8704
China,Pakistan,652
China,Myanmar,1176
China,Egypt,2912
China,United Arab Emirates,7097
China,United Kingdom,2604
China,Malaysia,23576
China,Sri Lanka,3162
China,Japan,13532
Chile,Brazil,25963
Chile,Canada,1722
Chile,Australia,2686
Chile,Italy,1465
Chile,Peru,24452
Chile,Mexico,4665
Chile,Panama,7080
Chile,Uruguay,3433
Chile,United Kingdom,1085
Chile,French Polynesia,297
Chile,France,2888
Chile,United States,15003
Chile,Ecuador,1323
Chile,Colombia,7872
Chile,Dominican Republic,297
Chile,Paraguay,1592
Chile,Argentina,33516
Chile,Bolivia,1618
Chile,Venezuela,296
Chile,New Zealand,2376
Chile,Spain,7532
Russian Federation,Turkey,24348
Russian Federation,Afghanistan,155
Russian Federation,Qatar,5536
Russian Federation,Italy,28448
Russian Federation,Czech Republic,18105
Russian Federation,Serbia,3688
Russian Federation,Cyprus,5074
Russian Federation,Malta,1044
Russian Federation,France,16296
Russian Federation,Netherlands,8360
Russian Federation,Slovakia,567
Russian Federation,Norway,2240
Russian Federation,Turkmenistan,2205
Russian Federation,Bahrain,984
Russian Federation,Uzbekistan,22715
Russian Federation,Israel,15390
Russian Federation,Lebanon,474
Russian Federation,Iran,1479
Russian Federation,Algeria,101
Russian Federation,Cuba,2729
Russian Federation,Kazakhstan,1152
Russian Federation,Jordan,388
Russian Federation,Montenegro,3586
Russian Federation,Slovenia,696
Russian Federation,China,45690
Russian Federation,Armenia,23098
Russian Federation,Belgium,3656
Russian Federation,Thailand,13535
Russian Federation,Germany,44829
Russian Federation,Hong Kong,3532
Russian Federation,Spain,17733
Russian Federation,Kyrgyzstan,16730
Russian Federation,Georgia,10338
Russian Federation,Maldives,1200
Russian Federation,Denmark,2528
Russian Federation,United States,11433
Russian Federation,Morocco,444
Russian Federation,Sweden,4780
Russian Federation,Vietnam,8859
Russian Federation,Croatia,700
Russian Federation,Japan,4352
Russian Federation,Switzerland,9965
Russian Federation,Bulgaria,1948
Russian Federation,Iraq,296
Russian Federation,Portugal,3432
Russian Federation,United Arab Emirates,34906
Russian Federation,Singapore,1265
Russian Federation,India,8474
Russian Federation,Azerbaijan,16217
Russian Federation,United Kingdom,13102
Russian Federation,Austria,9058
Russian Federation,Greece,13694
Russian Federation,Hungary,7510
Russian Federation,South Korea,8271
Russian Federation,Tajikistan,23215
Thailand,Turkey,6576
Thailand,Qatar,20432
Thailand,Italy,3531
Thailand,Bangladesh,7311
Thailand,Bhutan,944
Thailand,Kuwait,2552
Thailand,Nepal,3312
Thailand,France,6944
Thailand,Ethiopia,2160
Thailand,Netherlands,4026
Thailand,Laos,5034
Thailand,Maldives,3888
Thailand,Turkmenistan,543
Thailand,Bahrain,1904
Thailand,Uzbekistan,601
Thailand,Israel,2751
Thailand,Australia,24057
Thailand,Iran,576
Thailand,Singapore,81251
Thailand,Norway,2912
Thailand,Jordan,2224
Thailand,China,264063
Thailand,Denmark,2912
Thailand,Russian Federation,14009
Thailand,Germany,13392
Thailand,Hong Kong,66072
Thailand,Ukraine,1439
Thailand,Finland,5348
Thailand,Oman,6380
Thailand,Philippines,14168
Thailand,Indonesia,22900
Thailand,Belgium,1605
Thailand,Sweden,2912
Thailand,Vietnam,47628
Thailand,Kenya,1872
Thailand,Switzerland,5632
Thailand,New Zealand,2320
Thailand,Taiwan,36084
Thailand,Pakistan,6870
Thailand,Myanmar,33132
Thailand,Macau,12703
Thailand,Egypt,1204
Thailand,United Arab Emirates,45838
Thailand,Kazakhstan,1494
Thailand,India,56901
Thailand,Brunei Darussalam,1008
Thailand,United Kingdom,11880
Thailand,Malaysia,64849
Thailand,Austria,5686
Thailand,Reunion,524
Thailand,Sri Lanka,6451
Thailand,Japan,60627
Thailand,South Korea,49820
Iraq,Turkey,22228
Iraq,Qatar,12672
Iraq,Czech Republic,187
Iraq,India,884
Iraq,Bahrain,2047
Iraq,Belarus,148
Iraq,Iran,40256
Iraq,China,288
Iraq,Kuwait,1408
Iraq,Russian Federation,296
Iraq,Jordan,5750
Iraq,Germany,1356
Iraq,Oman,692
Iraq,Sweden,360
Iraq,Syria,3509
Iraq,Denmark,720
Iraq,Pakistan,676
Iraq,Egypt,3744
Iraq,United Arab Emirates,15978
Iraq,Lebanon,6647
Iraq,Azerbaijan,993
Iraq,Malaysia,412
Iraq,Austria,1272
Iraq,Greece,615
Mauritania,Algeria,476
Mauritania,Tunisia,426
Mauritania,France,1040
Mauritania,Morocco,1170
Mauritania,Senegal,846
Mauritania,Mali,284
Mauritania,Spain,910
Morocco,Turkey,4662
Morocco,Brazil,2314
Morocco,Qatar,2152
Morocco,Italy,6152
Morocco,Liberia,555
Morocco,Guinea,888
Morocco,France,24334
Morocco,Democratic Republic of the Congo,444
Morocco,Ireland,522
Morocco,Nigeria,111
Morocco,Ivory Coast (Cote d'Ivoire),888
Morocco,Cameroon,666
Morocco,Burkina Faso,576
Morocco,Benin,444
Morocco,Ghana,444
Morocco,Algeria,3752
Morocco,Cape Verde,111
Morocco,Germany,2844
Morocco,Gambia,333
Morocco,Belgium,3061
Morocco,Sierra Leone,444
Morocco,Spain,6031
Morocco,Mauritania,861
Morocco,Netherlands,2280
Morocco,Western Sahara,2775
Morocco,Denmark,1419
Morocco,Poland,428
Morocco,Sweden,534
Morocco,Gabon,444
Morocco,Mali,888
Morocco,Switzerland,1656
Morocco,Angola,236
Morocco,Chad,444
Morocco,Portugal,2451
Morocco,Egypt,2257
Morocco,United Arab Emirates,6360
Morocco,Lebanon,444
Morocco,United Kingdom,3886
Morocco,Tunisia,1443
Morocco,Congo,111
Morocco,Hungary,666
Morocco,Niger,480
Poland,Turkey,1658
Poland,Canada,1512
Poland,Qatar,2080
Poland,Italy,32705
Poland,Czech Republic,4245
Poland,Lithuania,4914
Poland,Malta,3807
Poland,France,17021
Poland,Georgia,2170
Poland,Slovakia,1406
Poland,Ireland,11718
Poland,Norway,28469
Poland,Israel,8344
Poland,Belarus,784
Poland,Singapore,1008
Poland,Iceland,3876
Poland,Slovenia,966
Poland,Germany,67438
Poland,Armenia,560
Poland,Russian Federation,7218
Poland,China,1888
Poland,Kazakhstan,744
Poland,Spain,23049
Poland,Ukraine,15724
Poland,Netherlands,17373
Poland,Denmark,10716
Poland,Finland,5568
Poland,Moldova,624
Poland,United States,5796
Poland,Belgium,12417
Poland,Sweden,23825
Poland,Latvia,2702
Poland,Croatia,738
Poland,Luxembourg,910
Poland,Japan,1260
Poland,Switzerland,8149
Poland,Bulgaria,2198
Poland,Romania,3642
Poland,Estonia,1992
Poland,Portugal,7120
Poland,Morocco,806
Poland,Egypt,1650
Poland,United Arab Emirates,4874
Poland,Serbia,560
Poland,United Kingdom,102644
Poland,Austria,5092
Poland,Greece,8989
Poland,Hungary,3838
Poland,South Korea,1512
Poland,Cyprus,2239
Indonesia,Turkey,6000
Indonesia,United States,768
Indonesia,Saudi Arabia,46678
Indonesia,Australia,93060
Indonesia,Netherlands,3084
Indonesia,Oman,4288
Indonesia,United Arab Emirates,31616
Indonesia,Philippines,9672
Indonesia,Qatar,26192
Indonesia,Papua New Guinea,296
Indonesia,United Kingdom,2124
Indonesia,Malaysia,1008
Indonesia,Vietnam,3232
Indonesia,China,79124
Indonesia,Thailand,42920
Indonesia,Sri Lanka,4352
Indonesia,Japan,67976
Indonesia,South Korea,22356
Indonesia,Hong Kong,49188
Indonesia,Taiwan,19744
Mauritius,Turkey,1488
Mauritius,Madagascar,2161
Mauritius,Netherlands,1480
Mauritius,South Africa,5951
Mauritius,United Arab Emirates,8272
Mauritius,Tanzania,124
Mauritius,Singapore,1375
Mauritius,India,2595
Mauritius,Austria,620
Mauritius,France,7394
Mauritius,United Kingdom,3856
Mauritius,Australia,825
Mauritius,Seychelles,916
Mauritius,Germany,3204
Mauritius,Reunion,10667
Mauritius,China,1471
Mauritius,Hong Kong,550
Mauritius,Kenya,248
Trinidad and Tobago,Canada,2266
Trinidad and Tobago,Jamaica,462
Trinidad and Tobago,Curacao,444
Trinidad and Tobago,Panama,1438
Trinidad and Tobago,Guyana,3696
Trinidad and Tobago,United States,13476
Trinidad and Tobago,Grenada and South Grenadines,1972
Trinidad and Tobago,Antigua and Barbuda,836
Trinidad and Tobago,Suriname,1676
Trinidad and Tobago,Saint Vincent and Grenadines,1972
Trinidad and Tobago,Sint Maarten,462
Trinidad and Tobago,Venezuela,566
Trinidad and Tobago,Saint Lucia,1864
Trinidad and Tobago,Barbados,2977
Sweden,Turkey,6797
Sweden,Qatar,4064
Sweden,Italy,9602
Sweden,Czech Republic,3216
Sweden,India,1024
Sweden,Lithuania,3233
Sweden,Malta,1179
Sweden,France,11593
Sweden,Ethiopia,1620
Sweden,Ireland,1641
Sweden,Norway,30949
Sweden,Israel,372
Sweden,Lebanon,140
Sweden,Iran,1428
Sweden,Iceland,3127
Sweden,Montenegro,378
Sweden,Germany,44975
Sweden,Bosnia and Herzegovina,2782
Sweden,Belgium,8348
Sweden,Thailand,2912
Sweden,Hong Kong,1330
Sweden,Spain,25953
Sweden,Ukraine,1664
Sweden,Netherlands,18602
Sweden,Denmark,2577
Sweden,Poland,23825
Sweden,Finland,27325
Sweden,Macedonia,3638
Sweden,United States,6384
Sweden,Russian Federation,4780
Sweden,Latvia,5426
Sweden,Croatia,1323
Sweden,Luxembourg,532
Sweden,Switzerland,7833
Sweden,Bulgaria,567
Sweden,Romania,3986
Sweden,Portugal,3835
Sweden,Estonia,4307
Sweden,Morocco,1425
Sweden,Tunisia,179
Sweden,United Arab Emirates,4206
Sweden,Serbia,4168
Sweden,United Kingdom,38929
Sweden,Austria,2760
Sweden,China,1530
Sweden,Greece,4289
Sweden,Hungary,5306
Sweden,Cyprus,1632
Albania,Turkey,2320
Albania,Netherlands,676
Albania,Italy,29775
Albania,Serbia,476
Albania,France,378
Albania,United Kingdom,1650
Albania,Slovenia,940
Albania,Austria,2436
Albania,Germany,1918
Albania,Greece,1302
Albania,Belgium,634
Albania,Hungary,642
Namibia,Qatar,1560
Namibia,Angola,1856
Namibia,Saint Helena,101
Namibia,South Africa,10195
Namibia,Zambia,185
Namibia,Ethiopia,1350
Namibia,Zimbabwe,370
Namibia,Germany,2882
Namibia,Nigeria,560
Namibia,Botswana,560
Kenya,Turkey,2632
Kenya,Qatar,4336
Kenya,Italy,2296
Kenya,Sudan,480
Kenya,Madagascar,1300
Kenya,France,2532
Kenya,Ethiopia,9692
Kenya,Rwanda,3368
Kenya,Somalia,1095
Kenya,Nigeria,1452
Kenya,Ivory Coast (Cote d'Ivoire),656
Kenya,Cameroon,608
Kenya,Malawi,997
Kenya,Ghana,1312
Kenya,Saudi Arabia,687
Kenya,Zambia,1924
Kenya,Congo,536
Kenya,Zimbabwe,1556
Kenya,Germany,2235
Kenya,Oman,475
Kenya,Thailand,1872
Kenya,Netherlands,5032
Kenya,Mayotte,356
Kenya,Democratic Republic of the Congo,1314
Kenya,Tanzania,6528
Kenya,Central African Republic,588
Kenya,Mauritius,372
Kenya,South Sudan,1536
Kenya,Mali,464
Kenya,Yemen,100
Kenya,Seychelles,356
Kenya,Angola,288
Kenya,Chad,333
Kenya,South Africa,6406
Kenya,Egypt,740
Kenya,United Arab Emirates,12218
Kenya,India,2974
Kenya,United Kingdom,4320
Kenya,Djibouti,576
Kenya,China,476
Kenya,Mozambique,894
Kenya,Uganda,5954
Kenya,Burundi,1440
Kenya,Comoros,480
Senegal,Mauritania,846
Senegal,Portugal,3040
Senegal,Guinea,794
Senegal,Guinea Bissau,150
Senegal,Cape Verde,269
Senegal,Mali,252
Senegal,Ivory Coast (Cote d'Ivoire),2256
Belarus,Ukraine,3496
Belarus,Turkey,948
Belarus,Turkmenistan,288
Belarus,United Arab Emirates,408
Belarus,Poland,784
Belarus,Azerbaijan,151
Belarus,Uzbekistan,300
Belarus,Austria,1232
Belarus,Latvia,380
Belarus,Germany,1000
Belarus,Russian Federation,18024
Belarus,Iraq,148
Belarus,Spain,172
New Zealand,Canada,1560
New Zealand,Qatar,2072
New Zealand,French Polynesia,1463
New Zealand,Vanuatu,756
New Zealand,Argentina,1445
New Zealand,Cook Islands,3710
New Zealand,Australia,103784
New Zealand,Singapore,10200
New Zealand,China,19337
New Zealand,Chile,2376
New Zealand,Thailand,2320
New Zealand,Hong Kong,6928
New Zealand,Tonga,1966
New Zealand,Western Samoa,3205
New Zealand,Philippines,762
New Zealand,New Caledonia,966
New Zealand,United States,16746
New Zealand,Niue,510
New Zealand,United Arab Emirates,4136
New Zealand,Malaysia,2288
New Zealand,Japan,4716
New Zealand,South Korea,2248
New Zealand,Fiji,5447
Yemen,Kenya,100
Greenland,Denmark,1112
Greenland,Iceland,0
Chad,Turkey,480
Chad,Morocco,333
Chad,Egypt,290
Chad,France,624
Chad,Ethiopia,1279
Chad,Kenya,444
Chad,Nigeria,268
Chad,Cameroon,1303
South Africa,Turkey,4768
South Africa,Brazil,3372
South Africa,Qatar,7808
South Africa,Italy,1032
South Africa,Madagascar,845
South Africa,France,5778
South Africa,Ethiopia,8776
South Africa,Nigeria,1992
South Africa,Malawi,2580
South Africa,Ghana,2160
South Africa,Israel,1302
South Africa,Australia,4178
South Africa,Singapore,2024
South Africa,Germany,11613
South Africa,China,1136
South Africa,Hong Kong,4616
South Africa,Spain,864
South Africa,Netherlands,5952
South Africa,Tanzania,2705
South Africa,Saudi Arabia,522
South Africa,Mauritius,5951
South Africa,Namibia,10232
South Africa,Switzerland,1752
South Africa,United States,4864
South Africa,Seychelles,816
South Africa,Angola,4347
South Africa,Democratic Republic of the Congo,740
South Africa,Egypt,1505
South Africa,United Arab Emirates,26560
South Africa,United Kingdom,18856
South Africa,Austria,930
South Africa,Mozambique,6887
South Africa,Uganda,1008
South Africa,Reunion,324
South Africa,Kenya,6356
Egypt,Turkey,10566
Egypt,Canada,1092
Egypt,Qatar,330
Egypt,Italy,9447
Egypt,Czech Republic,495
Egypt,Kenya,740
Egypt,Sudan,5967
Egypt,Kuwait,26042
Egypt,France,5163
Egypt,Ethiopia,2405
Egypt,Georgia,660
Egypt,Slovakia,165
Egypt,India,925
Egypt,Ghana,1110
Egypt,Nigeria,3885
Egypt,Norway,495
Egypt,Bahrain,3540
Egypt,Saudi Arabia,96263
Egypt,Algeria,2284
Egypt,Japan,364
Egypt,China,3767
Egypt,Armenia,165
Egypt,Denmark,1922
Egypt,Belgium,2532
Egypt,Jordan,11835
Egypt,Germany,24429
Egypt,Tanzania,370
Egypt,Spain,2590
Egypt,Eritrea,1480
Egypt,Netherlands,1480
Egypt,Libya,3016
Egypt,Oman,2080
Egypt,Poland,1650
Egypt,Israel,584
Egypt,Moldova,720
Egypt,United States,2912
Egypt,Morocco,3182
Egypt,Sweden,189
Egypt,South Sudan,290
Egypt,Thailand,1204
Egypt,Switzerland,2402
Egypt,Serbia,165
Egypt,Iraq,3736
Egypt,Chad,290
Egypt,South Africa,1204
Egypt,Tunisia,1480
Egypt,United Arab Emirates,35172
Egypt,Lebanon,6666
Egypt,United Kingdom,14405
Egypt,Austria,2119
Egypt,Uganda,555
Egypt,Greece,3416
Egypt,Hungary,1005
Egypt,Cyprus,560
United Arab Emirates,Canada,4284
United Arab Emirates,Turkmenistan,2048
United Arab Emirates,Ethiopia,10565
United Arab Emirates,Ghana,2904
United Arab Emirates,Saudi Arabia,119024
United Arab Emirates,Bosnia and Herzegovina,910
United Arab Emirates,Guinea,1815
United Arab Emirates,Russian Federation,35205
United Arab Emirates,Germany,53336
United Arab Emirates,Spain,18768
United Arab Emirates,Netherlands,14784
United Arab Emirates,Oman,42453
United Arab Emirates,Tanzania,6648
United Arab Emirates,New Zealand,4136
United Arab Emirates,Pakistan,91263
United Arab Emirates,India,245223
United Arab Emirates,Azerbaijan,8825
United Arab Emirates,Kenya,12136
United Arab Emirates,South Korea,8917
United Arab Emirates,Tajikistan,892
United Arab Emirates,Turkey,18080
United Arab Emirates,Afghanistan,8512
United Arab Emirates,Bangladesh,21458
United Arab Emirates,France,27864
United Arab Emirates,Rwanda,548
United Arab Emirates,Slovakia,710
United Arab Emirates,Somalia,2580
United Arab Emirates,Norway,2904
United Arab Emirates,Singapore,18504
United Arab Emirates,Montenegro,364
United Arab Emirates,China,35533
United Arab Emirates,Armenia,3584
United Arab Emirates,Ukraine,5414
United Arab Emirates,Bahrain,40576
United Arab Emirates,Finland,2975
United Arab Emirates,Indonesia,15808
United Arab Emirates,United States,58690
United Arab Emirates,Sweden,4206
United Arab Emirates,Vietnam,7118
United Arab Emirates,Bulgaria,1709
United Arab Emirates,Mauritius,8272
United Arab Emirates,Romania,3640
United Arab Emirates,Angola,798
United Arab Emirates,Portugal,2904
United Arab Emirates,South Africa,26560
United Arab Emirates,Brunei Darussalam,2032
United Arab Emirates,Malaysia,15368
United Arab Emirates,Austria,7040
United Arab Emirates,Uganda,3632
United Arab Emirates,Hungary,3332
United Arab Emirates,Brazil,7040
United Arab Emirates,Kuwait,57073
United Arab Emirates,Ireland,10000
United Arab Emirates,Nigeria,9638
United Arab Emirates,Czech Republic,5464
United Arab Emirates,Australia,55152
United Arab Emirates,Iran,33231
United Arab Emirates,Algeria,4204
United Arab Emirates,Belgium,7904
United Arab Emirates,Thailand,45838
United Arab Emirates,Iraq,15978
United Arab Emirates,Hong Kong,17944
United Arab Emirates,Georgia,4074
United Arab Emirates,Denmark,4136
United Arab Emirates,Philippines,23599
United Arab Emirates,Moldova,288
United Arab Emirates,Morocco,7053
United Arab Emirates,Croatia,3632
United Arab Emirates,Switzerland,19860
United Arab Emirates,Seychelles,7848
United Arab Emirates,Lebanon,20542
United Arab Emirates,Uzbekistan,1398
United Arab Emirates,Djibouti,728
United Arab Emirates,Taiwan,4136
United Arab Emirates,Cyprus,2904
United Arab Emirates,Qatar,1392
United Arab Emirates,Italy,31360
United Arab Emirates,Sudan,11891
United Arab Emirates,Nepal,12822
United Arab Emirates,Maldives,15100
United Arab Emirates,Zambia,2904
United Arab Emirates,Jordan,23152
United Arab Emirates,Kazakhstan,5860
United Arab Emirates,Poland,4874
United Arab Emirates,Eritrea,2071
United Arab Emirates,Kyrgyzstan,1456
United Arab Emirates,Macedonia,546
United Arab Emirates,South Sudan,728
United Arab Emirates,Japan,11974
United Arab Emirates,Belarus,408
United Arab Emirates,Myanmar,2904
United Arab Emirates,Egypt,35340
United Arab Emirates,Serbia,2416
United Arab Emirates,United Kingdom,101030
United Arab Emirates,Greece,3992
United Arab Emirates,Sri Lanka,21134
Mexico,Canada,50353
Mexico,Brazil,3479
Mexico,Italy,1994
Mexico,Panama,16317
Mexico,Costa Rica,6226
Mexico,France,7668
Mexico,Peru,10908
Mexico,Argentina,3162
Mexico,Ecuador,1092
Mexico,Cuba,11708
Mexico,El Salvador,3728
Mexico,Guatemala,6746
Mexico,Germany,7862
Mexico,Chile,3882
Mexico,Belgium,600
Mexico,China,1215
Mexico,Dominican Republic,1057
Mexico,Spain,10218
Mexico,Netherlands,5108
Mexico,United States,292609
Mexico,Portugal,388
Mexico,United Kingdom,14073
Mexico,Colombia,14853
Mexico,Japan,3612
Mexico,South Korea,972
Mexico,Nicaragua,1218
Lebanon,Turkey,10607
Lebanon,Qatar,6544
Lebanon,Italy,2881
Lebanon,Czech Republic,340
Lebanon,Kuwait,6989
Lebanon,France,7500
Lebanon,Ethiopia,3352
Lebanon,Nigeria,488
Lebanon,Bahrain,984
Lebanon,Saudi Arabia,9087
Lebanon,Iran,1084
Lebanon,Algeria,252
Lebanon,Belgium,504
Lebanon,Jordan,5280
Lebanon,Armenia,368
Lebanon,Russian Federation,632
Lebanon,Germany,3574
Lebanon,Iraq,6647
Lebanon,Spain,358
Lebanon,Ukraine,123
Lebanon,Ghana,488
Lebanon,Morocco,666
Lebanon,Switzerland,1089
Lebanon,Syria,510
Lebanon,Romania,536
Lebanon,Egypt,6666
Lebanon,United Arab Emirates,20374
Lebanon,Serbia,580
Lebanon,United Kingdom,3504
Lebanon,Greece,1548
Lebanon,Cyprus,2162
Djibouti,Turkey,1352
Djibouti,Qatar,1152
Djibouti,United Arab Emirates,728
Djibouti,France,208
Djibouti,Ethiopia,3912
Djibouti,Somalia,2008
Djibouti,Kenya,384
Mozambique,Qatar,780
Mozambique,Angola,825
Mozambique,Portugal,1122
Mozambique,South Africa,6924
Mozambique,Tanzania,278
Mozambique,Ethiopia,1480
Mozambique,Zimbabwe,102
Mozambique,Kenya,894
Greece,Turkey,9909
Greece,Qatar,4384
Greece,Italy,44320
Greece,Czech Republic,1218
Greece,Sudan,410
Greece,Lebanon,1548
Greece,Lithuania,2298
Greece,Malta,690
Greece,France,26321
Greece,Georgia,1552
Greece,Slovakia,945
Greece,Ireland,1671
Greece,Bahrain,615
Greece,Israel,8732
Greece,Iran,522
Greece,Singapore,490
Greece,Germany,93503
Greece,Armenia,522
Greece,Belgium,7762
Greece,Jordan,1118
Greece,Iraq,615
Greece,Spain,6429
Greece,Ukraine,2963
Greece,Netherlands,13924
Greece,Denmark,3666
Greece,Poland,8989
Greece,Finland,1430
Greece,Saudi Arabia,1168
Greece,Moldova,751
Greece,United States,2904
Greece,Russian Federation,14196
Greece,Sweden,4645
Greece,Latvia,288
Greece,Croatia,312
Greece,Luxembourg,348
Greece,Switzerland,11865
Greece,Bulgaria,4772
Greece,Romania,8111
Greece,Albania,1302
Greece,Estonia,695
Greece,Portugal,1044
Greece,Morocco,820
Greece,Egypt,3668
Greece,United Arab Emirates,3992
Greece,Serbia,2262
Greece,United Kingdom,74825
Greece,Austria,8607
Greece,China,849
Greece,Hungary,3790
Greece,Cyprus,24216
Japan,Canada,10896
Japan,Turkey,2384
Japan,Qatar,4568
Japan,Italy,3892
Japan,French Polynesia,590
Japan,Cambodia,2184
Japan,France,13316
Japan,Palau,660
Japan,Uzbekistan,454
Japan,Australia,24931
Japan,Singapore,40574
Japan,Papua New Guinea,466
Japan,China,210848
Japan,Russian Federation,4352
Japan,Thailand,61355
Japan,Germany,18900
Japan,Hong Kong,107378
Japan,Poland,1008
Japan,Spain,1152
Japan,Netherlands,5034
Japan,Denmark,1470
Japan,Philippines,44068
Japan,Indonesia,34432
Japan,New Caledonia,2926
Japan,United States,156712
Japan,Belgium,2184
Japan,Vietnam,32068
Japan,Mongolia,596
Japan,Finland,6834
Japan,Switzerland,1752
Japan,New Zealand,4404
Japan,Myanmar,1872
Japan,Macau,3292
Japan,Mexico,4128
Japan,Egypt,364
Japan,United Arab Emirates,11877
Japan,India,7136
Japan,United Kingdom,9984
Japan,Malaysia,21263
Japan,Sri Lanka,1188
Japan,Taiwan,162982
Japan,Fiji,819
Taiwan,Canada,9483
Taiwan,Turkey,1875
Taiwan,Italy,612
Taiwan,Cambodia,4082
Taiwan,France,3700
Taiwan,Palau,495
Taiwan,Australia,9522
Taiwan,Singapore,24487
Taiwan,China,144129
Taiwan,Thailand,35384
Taiwan,Germany,2864
Taiwan,Hong Kong,117779
Taiwan,Netherlands,4506
Taiwan,Philippines,21159
Taiwan,Indonesia,9872
Taiwan,United States,42206
Taiwan,Vietnam,36248
Taiwan,Brazil,826
Taiwan,Myanmar,1320
Taiwan,Macau,26896
Taiwan,United Arab Emirates,4136
Taiwan,India,930
Taiwan,United Kingdom,1836
Taiwan,Malaysia,19999
Taiwan,Austria,3236
Taiwan,Japan,163342
Taiwan,South Korea,53240
Barbados,Canada,2755
Barbados,United States,6420
Barbados,Martinique,554
Barbados,Saint Lucia,1632
Barbados,Guyana,1088
Barbados,United Kingdom,8099
Barbados,Trinidad and Tobago,2660
Barbados,Grenada,1428
Barbados,Antigua and Barbuda,884
Barbados,Saint Vincent and Grenadines,2176
Barbados,Germany,771
Barbados,Guadeloupe,204
Barbados,Dominica,884
United States,Canada,137114
United States,Brazil,62860
United States,Qatar,16120
United States,Italy,20469
United States,Peru,17630
United States,Kuwait,2552
United States,Panama,31368
United States,Hungary,1512
United States,Costa Rica,17992
United States,Morocco,2466
United States,France,32362
United States,Bahamas,31997
United States,Norway,532
United States,Bermuda,7343
United States,Aruba,11200
United States,Ireland,12200
United States,Cayman Islands,10886
United States,Argentina,19669
United States,Bolivia,2511
United States,Venezuela,7094
United States,Nigeria,936
United States,Ecuador,13754
United States,Curacao,2798
United States,Ghana,868
United States,Uzbekistan,492
United States,Israel,7126
United States,Australia,5824
United States,Saint Lucia,2552
United States,Cuba,22453
United States,El Salvador,9041
United States,Iceland,11893
United States,Jordan,2780
United States,Saint Kitts and Nevis,2303
United States,Belgium,6928
United States,Grenada and South Grenadines,2224
United States,Guatemala,9231
United States,Germany,45533
United States,Chile,12229
United States,Martinique,880
United States,Russian Federation,8980
United States,China,30393
United States,Dominican Republic,52718
United States,Belize,7237
United States,Hong Kong,15112
United States,Poland,3780
United States,Spain,26275
United States,Ukraine,2624
United States,Netherlands,20691
United States,Sint Maarten,3704
United States,Turkey,12884
United States,Finland,3091
United States,Saudi Arabia,1248
United States,Bonaire, Saint Eustatius & Saba,287
United States,Trinidad and Tobago,13476
United States,Serbia,508
United States,Uruguay,1912
United States,Guyana,1901
United States,Switzerland,12776
United States,New Zealand,1734
United States,Guadeloupe,1204
United States,South Korea,17079
United States,Denmark,2758
United States,Jamaica,36631
United States,Honduras,8417
United States,Portugal,5792
United States,Mexico,189311
United States,Egypt,2912
United States,United Arab Emirates,36826
United States,Sweden,2394
United States,Haiti,19240
United States,India,5056
United States,Azerbaijan,526
United States,South Africa,2536
United States,United Kingdom,113285
United States,Austria,3180
United States,Antigua and Barbuda,2581
United States,Colombia,36315
United States,Japan,29850
United States,Taiwan,10540
United States,Turks and Caicos Islands,6767
United States,Barbados,6130
United States,Nicaragua,6815
